-124.84187108663546,70.17977889360563
-124.85833,70.18000333333333
-124.89166333333333,70.1837752631579
-124.92499666666666,70.1879662962963
-124.95833,70.18981814814815
-124.99166333333334,70.19100333333333
-125.02499666666667,70.19055888888889
-125.05833,70.18764701149425
-125.09166333333334,70.18389222222223
-125.11833,70.17500333333334
-125.12499666666668,70.17083666666667
-125.15833,70.14792
-125.16742090909091,70.14167
-125.16666333333333,70.10833666666667
-125.15833000666666,70.07500333333333
-125.19166333333334,70.05648481481481
-125.21833,70.04167
-125.22499666666667,70.03796629629629
-125.2546262962963,70.00833666666666
-125.2546262962963,69.97500333333333
-125.25416333333334,69.94167
-125.23610777777778,69.90833666666667
-125.23610777777778,69.87500333333332
-125.25833,69.86759592592593
-125.29166333333333,69.84167000476191
-125.29166333809523,69.84167
-125.32499666666666,69.81250333333332
-125.33166333333334,69.80833666666666
-125.35833,69.78611444444445
-125.38055222222224,69.77500333333333
-125.39166333333333,69.76944777777777
-125.42499666666666,69.74833666666666
-125.43333,69.74167
-125.45833,69.70833667777777
-125.45833001111112,69.70833666666667
-125.49166333333334,69.68333666666666
-125.50833001666665,69.67500333333334
-125.52499666666667,69.66944777777778
-125.55833,69.66167
-125.59166333333334,69.65500333333333
-125.62499666666668,69.64167000666666
-125.62499668333331,69.64167
-125.65833,69.62500334166666
-125.68055222222222,69.60833666666667
-125.69166333333334,69.5750033666666
-125.69166334444444,69.57500333333333
-125.69999666666666,69.54167
-125.70277444444444,69.50833666666666
-125.70277444444444,69.47500333333333
-125.72499666666667,69.44167000833333
-125.72499667333332,69.44167
-125.75833,69.42315148148148
-125.79166333333333,69.41136696969697
-125.82499666666666,69.40833666875
-125.85833,69.40978594202899
-125.89166333333333,69.41421901960784
-125.92499666666666,69.4217982051282
-125.95833,69.43097041152264
-125.99166333333334,69.43879643678162
-126.00448384615385,69.44167
-126.02499666666667,69.45255435374149
-126.05833,69.46625333333333
-126.09166333333334,69.4744568852459
-126.09388555555554,69.47500333333333
-126.12499666666668,69.48814887323944
-126.15833,69.49909574257426
-126.19166333333334,69.50737743405276
-126.19570373737375,69.50833666666666
-126.22499666666667,69.52012528455285
-126.25833,69.5325790909091
-126.28774176470588,69.54167
-126.29166333333333,69.54366004975124
-126.32499666666666,69.56254912087911
-126.35263894308943,69.57500333333333
-126.35833,69.57824407407406
-126.39166333333333,69.59771395604396
-126.41583,69.60833666666667
-126.42499666666666,69.6135009859155
-126.45833,69.63043404494383
-126.48464578947369,69.64167
-126.49166333333334,69.64559156862745
-126.52499666666667,69.66594983539095
-126.54166333257575,69.67500333333334
-126.55833,69.6847811111111
-126.59166333333334,69.70131912280702
-126.60716720930233,69.70833666666667
-126.62499666666668,69.71898481481482
-126.65833,69.7385692248062
-126.66377217687075,69.74167
-126.69166333333334,69.7669786419753
-126.69999666666666,69.77500333333333
-126.72107509803922,69.80833666666666
-126.72499666666667,69.81535421052632
-126.74351518518519,69.84167
-126.75833,69.85648481481482
-126.77445903225806,69.87500333333332
-126.79027444444445,69.90833666666667
-126.79166333333333,69.92500334999998
-126.79374666666666,69.94167
-126.82129296296296,69.97500333333333
-126.82499666666666,69.97756743589744
-126.85833,70.00389222222222
-126.8620337037037,70.00833666666666
-126.89166333333333,70.03970921568627
-126.89311260869565,70.04167
-126.92499666666666,70.07222555555555
-126.92817126984127,70.07500333333333
-126.95833,70.10139222222222
-126.96474025641025,70.10833666666667
-126.99166333333334,70.13525974358974
-126.99833,70.14167
-127.02499666666667,70.17065550724638
-127.02975857142857,70.17500333333334
-127.04721888888889,70.20833666666667
-127.05833,70.21944777777777
-127.09166333,70.24167
-127.09166333333334,70.24167000119047
-127.12499666666668,70.25471347826087
-127.15833,70.27372128205128
-127.1608941025641,70.27500333333333
-127.19166333333334,70.28833666666667
-127.22499666666667,70.30643190476191
-127.22944111111111,70.30833666666666
-127.25833,70.32071761904761
-127.29166333333333,70.33976523809524
-127.29456188405797,70.34167
-127.32499666666666,70.36500333333333
-127.34374666666668,70.37500333333332
-127.35833,70.38560939393939
-127.39166333333333,70.40300333333333
-127.40499666666666,70.40833666666667
-127.42499666666666,70.41478827956989
-127.45833,70.43055888888888
-127.49166333333334,70.43974692307692
-127.50277444444444,70.44167
-127.52499666666667,70.44856655172414
-127.55833,70.46428904761905
-127.58333,70.47500333333333
-127.59166333333334,70.47870703703704
-127.62499666666668,70.4886396969697
-127.65833,70.50000333333332
-127.69166332666667,70.50833666666666
-127.69166333333334,70.50833666818181
-127.72499666666667,70.51500333333334
-127.75833,70.52129962962962
-127.79166333333333,70.53114368421052
-127.82499666111111,70.54167
-127.82499666666666,70.54167000208334
-127.85833,70.55417
-127.89166333333333,70.56667
-127.91833,70.57500333333333
-127.92499666666666,70.57778111111111
-127.95833,70.59167000277778
-127.99166333333334,70.60000333333333
-128.02499665555555,70.60833666666667
-128.02499666666665,70.60833666969697
-128.05833,70.61742757575757
-128.09166333333334,70.62651848484849
-128.12499666666668,70.63889222222222
-128.13610777777777,70.64167
-128.15833,70.64517877192982
-128.19166333333334,70.6507609090909
-128.22499666666667,70.65367
-128.25833,70.65367
-128.29166333333333,70.64833666666667
-128.31833,70.64167
-128.32499666666666,70.63833666666666
-128.35833,70.63333666666666
-128.39166333333333,70.62262238095238
-128.42499666666666,70.61389222222222
-128.44166335,70.60833666666667
-128.45833,70.59722555555555
-128.48055222222223,70.57500333333333
-128.49166333333335,70.54167003333326
-128.49166334999998,70.54167
-128.49166336666661,70.50833666666666
-128.49166333333335,70.5083366333334
-128.45833003333325,70.47500333333333
-128.45833,70.47500331666669
-128.42499666666666,70.45278111111111
-128.39166333333333,70.45000333333333
-128.37499668333334,70.44167
-128.35833,70.42500331666668
-128.34166334999998,70.40833666666667
-128.32499669999993,70.37500333333332
-128.32499669999993,70.34167
-128.35833,70.30833669999993
-128.39166333333333,70.30833669999993
-128.3916633666666,70.30833666666666
-128.42499666666666,70.2750033666666
-128.42499669999992,70.27500333333333
-128.45833,70.24167003333326
-128.49166333333335,70.24167003333326
-128.49166336666661,70.24167
-128.52499666666665,70.20833669999993
-128.55833,70.20833669999993
-128.55833003333328,70.20833666666667
-128.59166333333334,70.1750033666666
-128.5916633666666,70.17500333333334
-128.62499666666668,70.14167003333327
-128.62499669999994,70.14167
-128.65833,70.10833669999994
-128.69166333333334,70.10833669999994
-128.72499666666667,70.10833669999994
-128.75833,70.10833669999994
-128.75833003333327,70.10833666666667
-128.78100342204903,70.08429495333095
-128.78311344003453,70.0796589295487
-128.78445167711263,70.07719074947117
-128.78557673544714,70.07514324267285
-128.7732894456678,70.07500790244954
-128.75833,70.07500330000006
-128.72499666666667,70.07500330000006
-128.69166333333334,70.07500330000006
-128.65833,70.07500331666668
-128.65832996666674,70.07500333333333
-128.62499666666668,70.1083366333334
-128.5916633666666,70.07500333333333
-128.59166333333334,70.07500330000006
-128.55833003333328,70.04167
-128.55833003333328,70.00833666666666
-128.59166333333334,69.99167001666665
-128.62499666666668,69.99167001666665
-128.65833,69.97500334999998
-128.69166333333334,69.97500334999998
-128.72499666666667,69.97500334999998
-128.75833,69.97500334999998
-128.79166333333333,69.99167001666665
-128.82499666666666,70.00000333333332
-128.85832996666673,70.00833666666666
-128.85833,70.00833669999993
-128.89166333333333,70.02500335
-128.92499666666666,70.01944777777777
-128.95833,70.00833668333331
-128.95833003333325,70.00833666666666
-128.99166333333335,70.00357476190476
-129.02499666666665,69.99167000833333
-129.05833,69.97500334444443
-129.05833001666664,69.97500333333333
-129.09166333333334,69.958336675
-129.12499666666668,69.9416700111111
-129.12499669999994,69.94167
-129.15833,69.93333666666666
-129.19166333333334,69.92500334166667
-129.22499666666667,69.91667
-129.25833,69.91667
-129.29166333333333,69.91667
-129.32499666666666,69.91944777777778
-129.35833,69.92500334999998
-129.39166330000006,69.94167
-129.35833,69.97500330000007
-129.35832996666673,69.97500333333333
-129.32499666666666,69.99166998333335
-129.30832998333335,70.00833666666666
-129.29166333333333,70.02500331666668
-129.27499665000002,70.04167
-129.25833,70.05833665000002
-129.22499666666667,70.07500331666668
-129.2249966333334,70.07500333333333
-129.19166333333334,70.1083366333334
-129.15833,70.1083366333334
-129.15832996666674,70.10833666666667
-129.12499666666668,70.14166996666674
-129.09166333333334,70.14166996666674
-129.05833,70.14166998333334
-129.05832996666675,70.14167
-129.02499666666665,70.15833665000002
-128.99166333333335,70.15833665000002
-128.95833,70.17500330000007
-128.92499666666666,70.17500330000007
-128.9249966333334,70.17500333333334
-128.9249966333334,70.20833666666667
-128.92499666666666,70.20833669999993
-128.95833,70.20833669999993
-128.99166330000006,70.24167
-128.99166333333335,70.24167003333326
-129.02499666666665,70.24167003333326
-129.05832996666675,70.27500333333333
-129.05833,70.2750033666666
-129.09166333333334,70.2750033666666
-129.12499666666668,70.2750033666666
-129.15833,70.29167001666664
-129.19166330000007,70.30833666666666
-129.19166333333334,70.30833669999993
-129.22499666666667,70.30833669999993
-129.25833,70.32500334999999
-129.29166330000007,70.34167
-129.29166333333333,70.34167003333326
-129.32499666666666,70.34167003333326
-129.35833,70.34167003333326
-129.39166333333333,70.34167003333326
-129.42499666666666,70.35833668333332
-129.45833,70.35833668333332
-129.49166333333335,70.35833668333332
-129.52499666666665,70.35833668333332
-129.55833,70.34167001666665
-129.59166333333334,70.34167001666665
-129.5916633666666,70.34167
-129.62499666666668,70.32500334999999
-129.65833,70.30833668333332
-129.69166333333334,70.30833668333332
-129.72499666666667,70.30833668333332
-129.75833,70.30833668333332
-129.79166333333333,70.30833668333332
-129.82499666666666,70.30833668333332
-129.85833,70.30833668333332
-129.85833003333326,70.30833666666666
-129.89166333333333,70.29722555555556
-129.92499666666666,70.29167001666664
-129.95833,70.2750033666666
-129.99166333333335,70.2750033666666
-130.02499666666665,70.27500334999998
-130.05833,70.2750033666666
-130.09166333333334,70.2750033666666
-130.12499666666668,70.2750033666666
-130.15833,70.2750033666666
-130.19166333333334,70.2750033666666
-130.22499666666667,70.2750033666666
-130.25833,70.2750033666666
-130.29166333333333,70.2750033666666
-130.32499666666666,70.29167001666664
-130.35833,70.29167001666664
-130.39166333333333,70.29167001666664
-130.42499666666666,70.29167001666664
-130.45833,70.27500334999998
-130.49166333333335,70.27500334999998
-130.52499666666665,70.27500334444443
-130.52499669999995,70.27500333333333
-130.55833,70.26389222222222
-130.59166333333334,70.25278111111112
-130.62499666666668,70.25278111111112
-130.65833,70.24167001666665
-130.69166333333334,70.2416700111111
-130.6916633666666,70.24167
-130.72499666666667,70.23055888888888
-130.75833,70.22500334999998
-130.79166333333333,70.21944777777777
-130.82499666666666,70.20833668333331
-130.82499669999993,70.20833666666667
-130.85833,70.19167001666665
-130.89166333333333,70.17500334999998
-130.8916633666666,70.17500333333334
-130.92499666666666,70.16667
-130.95833,70.15833667499999
-130.99166333333335,70.15000333333333
-131.00833001666666,70.14167
-131.02499666666665,70.13500333333333
-131.05833,70.12500334166666
-131.09166333333334,70.108336675
-131.0916633666666,70.10833666666667
-131.12499666666668,70.09722555555555
-131.15833,70.07500334444444
-131.15833003333327,70.07500333333333
-131.19166333333334,70.06389222222222
-131.22499666666667,70.05000333333334
-131.25833,70.04167000833333
-131.25833003333327,70.04167
-131.29166333333333,70.03500333333334
-131.32499666666666,70.03055888888889
-131.35833,70.03055888888889
-131.39166333333333,70.02833666666666
-131.42499666666666,70.02500334166666
-131.45833,70.01944777777777
-131.49166333333335,70.00833667777776
-131.49166336666661,70.00833666666666
-131.52499666666665,69.99167001666665
-131.55833,69.97500334999998
-131.59166333333334,69.97500334999998
-131.62499666666668,69.97500334999998
-131.65833,69.97500334999998
-131.69166333333334,69.97500334999998
-131.72499666666667,69.97500334999998
-131.75833,69.97500334999998
-131.79166333333333,69.97500334999998
-131.7916633666666,69.97500333333333
-131.82499666666666,69.94167003333327
-131.82499669999993,69.94167
-131.85833,69.90833669999994
-131.89166333333333,69.90833668333332
-131.8916633666666,69.90833666666667
-131.92499666666666,69.89167001666665
-131.95833,69.8750033666666
-131.99166333333335,69.8750033666666
-132.02499666666665,69.8750033666666
-132.05833,69.89167001666665
-132.09166333333334,69.89167001666665
-132.12499666666668,69.88611444444444
-132.15833,69.87500334999999
-132.15833003333327,69.87500333333332
-132.19166333333334,69.84167003333326
-132.22499666666667,69.84167001666665
-132.25833,69.84167001666665
-132.29166333333333,69.84167001666665
-132.32499666666666,69.85278111111111
-132.35833,69.85278111111111
-132.39166333333333,69.85278111111111
-132.42499666666666,69.84167001666665
-132.42499669999995,69.84167
-132.45833,69.83055888888889
-132.49166333333335,69.82500334999997
-132.52499666666665,69.82500334999997
-132.55833,69.82500334999997
-132.59166333333334,69.82500334999997
-132.62499666666668,69.80833669999993
-132.65833,69.80833669999993
-132.65833003333327,69.80833666666666
-132.69166333333334,69.79167001666664
-132.72499666666667,69.7750033666666
-132.75833,69.7750033666666
-132.75833003333327,69.77500333333333
-132.79166333333333,69.76389222222222
-132.82499666666666,69.75833668333331
-132.85833,69.75833668333331
-132.89166333333333,69.74167003333326
-132.92499666666666,69.74167003333326
-132.92499669999992,69.74167
-132.92499669999992,69.70833666666667
-132.95833,69.69722555555555
-132.99166333333335,69.6750033666666
-133.02499666666665,69.67500334999998
-133.05833,69.6750033666666
-133.09166333333334,69.69167001666665
-133.1249966333334,69.70833666666667
-133.12499666666668,69.70833669999993
-133.15832996666674,69.74167
-133.15833,69.74167003333326
-133.19166330000007,69.77500333333333
-133.19166330000007,69.80833666666666
-133.19166333333334,69.80833669999993
-133.22499666666667,69.80833669999993
-133.25833,69.80833669999993
-133.29166333333333,69.80833669999993
-133.32499666666666,69.82500334999997
-133.35833,69.82500334999997
-133.39166333333333,69.82500334999997
-133.42499666666666,69.83055888888889
-133.45833,69.83055888888889
-133.49166333333335,69.83055888888889
-133.52499666666665,69.83055888888889
-133.55832996666675,69.84167
-133.55833,69.84167001666665
-133.59166333333334,69.84167001666665
-133.62499666666668,69.84167003333326
-133.65833,69.85833668333332
-133.69166330000007,69.87500333333332
-133.69166333333334,69.87500334444444
-133.72499666666667,69.87500334444444
-133.75833,69.87500334444444
-133.79166333333333,69.87500334444444
-133.82499666666666,69.87500334444444
-133.85833,69.87500334444444
-133.89166333333333,69.87500334999999
-133.92499666666666,69.87500334999999
-133.95833,69.87500334999999
-133.99166333333335,69.87500334999999
-134.02499666666665,69.8750033666666
-134.05833,69.8750033666666
-134.09166333333334,69.8750033666666
-134.12499666666668,69.8750033666666
-134.15833,69.8750033666666
-134.19166333333334,69.89167001666665
-134.22499666666667,69.89167001666665
-134.25833,69.89167001666665
-134.29166333333333,69.89167001666665
-134.32499666666666,69.89167001666665
-134.35833,69.89167001666665
-134.39166333333333,69.89167001666665
-134.42499666666666,69.8750033666666
-134.45833,69.8750033666666
-134.49166333333335,69.8750033666666
-134.52499666666665,69.8750033666666
-134.55833,69.8750033666666
-134.59166333333334,69.8750033666666
-134.62499666666668,69.8750033666666
-134.65833,69.87500334999999
-134.69166333333334,69.87500334999999
-134.6916633666666,69.87500333333332
-134.72499666666667,69.85833668333332
-134.75832996666674,69.87500333333332
-134.75833,69.87500334999999
-134.79166333333333,69.87500334999999
-134.7916633666666,69.87500333333332
-134.82499666666666,69.85833668333332
-134.85833,69.84167003333326
-134.89166333333333,69.84167003333326
-134.92499666666666,69.84167001666665
-134.92499669999992,69.84167
-134.95833,69.80833669999993
-134.99166333333335,69.80833669999993
-135.02499666666665,69.80833669999993
-135.05833,69.80833668333332
-135.05833003333328,69.80833666666666
-135.09166333333334,69.79167001666664
-135.12499666666668,69.79167001666664
-135.15833,69.79167001666664
-135.19166333333334,69.79167001666664
-135.22499666666667,69.77500334999998
-135.25833,69.77500334999998
-135.29166333333333,69.77500334999998
-135.32499666666666,69.77500334444443
-135.32499669999993,69.77500333333333
-135.35833,69.75833668333331
-135.39166333333333,69.75833668333331
-135.42499666666666,69.75833668333331
-135.45833,69.74167003333326
-135.49166333333335,69.74167001666665
-135.52499666666665,69.74167001666665
-135.52499669999995,69.74167
-135.55833,69.70833669999993
-135.59166333333334,69.70833669999993
-135.62499666666668,69.70833669999993
-135.65833,69.70833668333331
-135.69166333333334,69.70833668333331
-135.72499666666667,69.70833669999993
-135.75833,69.72500334999998
-135.79166333333333,69.72500334999998
-135.8249966333334,69.74167
-135.82499666666666,69.7416700111111
-135.85833,69.7416700111111
-135.89166333333333,69.7416700111111
-135.92499666666666,69.7416700111111
-135.92499669999995,69.74167
-135.95833,69.72500334999998
-135.99166333333335,69.72500334999998
-136.02499666666665,69.72500334999998
-136.05833,69.72500334999998
-136.09166333333334,69.72500334999998
-136.12499666666668,69.70833669999993
-136.15833,69.70833668333331
-136.19166333333334,69.70833668333331
-136.1916633666666,69.70833666666667
-136.1916633666666,69.67500333333334
-136.1916633666666,69.64167
-136.22499666666667,69.60833669999994
-136.25833,69.60833669999994
-136.29166333333333,69.60833669999994
-136.32499666666666,69.60833669999994
-136.35833,69.60833669999994
-136.39166333333333,69.60833669999994
-136.42499666666666,69.60833669999994
-136.45833,69.60833669999994
-136.49166333333335,69.60833669999994
-136.52499666666665,69.60833669999994
-136.52499669999992,69.60833666666667
-136.55833,69.5750033666666
-136.59166333333334,69.5750033666666
-136.5916633666666,69.57500333333333
-136.5916633666666,69.54167
-136.62499666666668,69.52500334999998
-136.65833,69.50833668333331
-136.65833003333327,69.50833666666666
-136.69166333333334,69.49167001666665
-136.72499666666667,69.48611444444444
-136.75833,69.47500334444443
-136.75833003333327,69.47500333333333
-136.79166333333333,69.45833668333331
-136.82499666666666,69.44167001666665
-136.82499669999993,69.44167
-136.85833,69.42500334999998
-136.89166333333333,69.40833667777777
-136.89166335,69.40833666666667
-136.92499666666666,69.38611444444444
-136.95833,69.37500334444444
-136.95833003333325,69.37500333333332
-136.99166333333335,69.35833668333332
-137.02499666666665,69.3416700111111
-137.0249966833333,69.34167
-137.05833,69.30833668333332
-137.05833001666664,69.30833666666666
-137.09166333333334,69.28611444444445
-137.10833001666666,69.27500333333333
-137.12499666666668,69.26389222222222
-137.15833,69.25000333333332
-137.17499668333332,69.24167
-137.19166333333334,69.23055888888888
-137.22499666666667,69.21944777777777
-137.25833,69.20833667777777
-137.25833003333327,69.20833666666667
-137.29166333333333,69.19167001666665
-137.32499666666666,69.17500334444443
-137.32499669999993,69.17500333333334
-137.35833,69.14167003333327
-137.39166333333333,69.14167001666665
-137.3916633666666,69.14167
-137.42499666666666,69.12500334999999
-137.45833,69.12500334999999
-137.49166333333335,69.10833669999994
-137.52499666666665,69.10833669999994
-137.52499669999992,69.10833666666667
-137.55833,69.09722555555555
-137.59166333333334,69.09167000833332
-137.62499666666668,69.08833666666666
-137.65833,69.08611444444445
-137.69166333333334,69.08750333333333
-137.72499666666667,69.08981814814814
-137.75833,69.09500333333332
-137.79166333333333,69.09808025641026
-137.82499666666666,69.1011938095238
-137.85833,69.10417
-137.89166333333333,69.10648481481482
-137.90277444444445,69.10833666666667
-137.92499666666666,69.11309857142857
-137.95833,69.12206215686274
-137.99166333333335,69.13333666666666
-138.02499666111112,69.14167
-138.02499666666665,69.14167000208333
-138.05833,69.15278111111111
-138.09166333333334,69.16272263157894
-138.12499666666668,69.17348818181819
-138.13055222222224,69.17500333333334
-138.15833,69.19167000333333
-138.18610777777778,69.20833666666667
-138.19166333333334,69.21309857142857
-138.2249966611111,69.24167
-138.22499666666667,69.24167000555556
-138.2535680952381,69.27500333333333
-138.25833,69.27917
-138.29166333333333,69.30000333333334
-138.30832999166668,69.30833666666666
-138.32499666666666,69.31439727272726
-138.35833,69.32348818181818
-138.39166333333333,69.32833666666667
-138.42499666666666,69.3321461904762
-138.45833,69.33611444444445
-138.49166330000008,69.34167
-138.49166333333335,69.34167000476191
-138.52499666666665,69.34167000666666
-138.55833,69.34167000833332
-138.59166333333334,69.3416700111111
-138.62499666666668,69.35000333333333
-138.65833,69.35500333333333
-138.69166333333334,69.36547952380953
-138.72499665,69.37500333333332
-138.72499666666667,69.37500334999999
-138.75833,69.40000333333333
-138.79166330000007,69.40833666666667
-138.79166330000007,69.44167
-138.79166330000007,69.47500333333333
-138.79166333333333,69.4750033666666
-138.8249966333334,69.50833666666666
-138.80832998333335,69.54167
-138.81666333333334,69.57500333333333
-138.82499666666666,69.57803363636364
-138.85833,69.60000333333333
-138.86666333333335,69.60833666666667
-138.89166333333333,69.61833666666666
-138.92499666666666,69.62917
-138.95833,69.63532079365079
-138.98257242424242,69.64167
-138.99166333333335,69.644795
-139.02499666666665,69.65248081081081
-139.05833,69.65754301587302
-139.09166333333334,69.6648338418079
-139.12499666666668,69.66628538461538
-139.15833,69.66092925925926
-139.19166333333334,69.64936230769231
-139.20984515151514,69.64167
-139.22499666666667,69.63629365591397
-139.25833,69.61875333333333
-139.27916333333334,69.60833666666667
-139.29166333333333,69.59833666666667
-139.32499666666666,69.58500333333333
-139.34999666666667,69.57500333333333
-139.35833,69.57243923076923
-139.39166333333333,69.56987512820513
-139.42499666666666,69.56987512820513
-139.45832998333336,69.57500333333333
-139.45833,69.57500333666667
-139.49166333333335,69.57803363636364
-139.52499666666665,69.57803363636364
-139.55833,69.58106393939394
-139.59166333333334,69.58409424242424
-139.62499666666668,69.59015484848484
-139.65833,69.59621545454546
-139.69166333333334,69.6011938095238
-139.72499666666667,69.60637588235294
-139.73610777777776,69.60833666666667
-139.75833,69.61346487179487
-139.79166333333333,69.62083666666666
-139.82499666666666,69.62500333541666
-139.85833,69.6259837254902
-139.89166333333333,69.6276349122807
-139.92499666666666,69.62833666666667
-139.95833,69.6276349122807
-139.99166333333335,69.62938929824561
-140.02499666666665,69.63114368421053
-140.05833,69.63114368421053
-140.09166333333334,69.63055888888888
-140.12499666666668,69.62794450980392
-140.15833,69.6259837254902
-140.19166333333334,69.62389222222222
-140.22499666666667,69.62262238095238
-140.25833,69.62024142857143
-140.29166333333333,69.62024142857143
-140.32499666666666,69.62115717948717
-140.35833,69.62115717948717
-140.39166333333333,69.61859307692308
-140.42499666666666,69.61602897435897
-140.45833,69.61602897435897
-140.49166333333335,69.61944777777778
-140.52499666666665,69.61944777777778
-140.55833,69.62167
-140.59166333333334,69.62500333541666
-140.62499666666668,69.62685518518518
-140.65833,69.62833666666667
-140.69166333333334,69.63214619047619
-140.72499666666667,69.63611444444444
-140.75833,69.64028111111111
-140.77499665000002,69.64167
-140.79166333333333,69.64444777777777
-140.82499666666666,69.64722555555555
-140.85833,69.65000333333333
-140.89166333333333,69.65278111111111
-140.92499666666666,69.65705461538461
-140.95833,69.65961871794872
-140.99166333333335,69.66218282051283
-141.02499666666665,69.66731102564103
-141.0583299888889,69.67500333333334
-141.05833,69.67500333703704
-141.09166333333334,69.68611444444444
-141.12499666666668,69.69295205128205
-141.15833,69.69881285714285
-141.19166333333334,69.70320846153845
-141.22499666666667,69.70167
-141.25833,69.70000333333333
-141.29166333333333,69.70357476190476
-141.3249966333334,69.70833666666667
-141.32499666666666,69.70833667142857
-141.35833,69.71309857142857
-141.39166333333333,69.72083666666667
-141.42499666666666,69.72738428571428
-141.45833,69.73333666666667
-141.48055222222223,69.74167
-141.49166333333335,69.7464319047619
-141.52499666666665,69.75648481481481
-141.55833,69.76894272727273
-141.59166331666668,69.77500333333333
-141.59166333333334,69.7750033375
-141.62499666666668,69.78500333333334
-141.65833,69.79318515151515
-141.69166333333334,69.79924575757576
-141.72499666666667,69.80530636363636
-141.7416633166667,69.80833666666666
-141.75833,69.81204037037037
-141.79166333333333,69.81833666666667
-141.82499666666666,69.82500333666667
-141.85833,69.83257909090909
-141.89166333333333,69.83833666666666
-141.9249966333334,69.84167
-141.92499666666666,69.84167000476191
-141.95833,69.85417
-141.99166333333335,69.86250333333334
-142.02499666666665,69.87083666666666
-142.0416633166667,69.87500333333332
-142.05833,69.87976523809523
-142.09166333333334,69.88928904761904
-142.12499666666668,69.89583666666667
-142.15833,69.90357476190476
-142.19166330000007,69.90833666666667
-142.19166333333334,69.90833667222222
-142.22499666666667,69.91944777777778
-142.25833,69.92738428571428
-142.29166333333333,69.9369080952381
-142.30277444444445,69.94167
-142.32499666666666,69.9511938095238
-142.35833,69.96071761904761
-142.39166333333333,69.97083666666667
-142.40832998333335,69.97500333333333
-142.42499666666666,69.97917
-142.45833,69.98750333333334
-142.49166333333335,69.99583666666666
-142.52499666666665,70.00463296296296
-142.5416633166667,70.00833666666666
-142.55833,70.01250333333333
-142.59166333333334,70.02500333666666
-142.62499666666668,70.03452714285714
-142.64999666666665,70.04167
-142.65833,70.04500333333333
-142.69166333333334,70.05705461538462
-142.72499666666667,70.06458666666667
-142.75833,70.06944777777778
-142.79166333333333,70.07324894736843
-142.80832998333335,70.07500333333333
-142.82499666666666,70.07833666666667
-142.85833,70.08500333333333
-142.89166333333333,70.09167000333333
-142.92499666666666,70.09833666666667
-142.95833,70.10463296296297
-142.97499665,70.10833666666667
-142.99166333333335,70.11250333333334
-143.02499666666665,70.12083666666666
-143.05833,70.12917
-143.09166333333334,70.13750333333333
-143.10832998333336,70.14167
-143.12499666666668,70.14500333333334
-143.15833,70.15167
-143.19166333333334,70.15648481481482
-143.22499666666667,70.16167
-143.25833,70.16500333333333
-143.29166333333333,70.16389222222222
-143.32499666666666,70.16389222222222
-143.35833,70.16250333333333
-143.39166333333333,70.16071761904762
-143.42499666666666,70.16547952380952
-143.45833,70.16389222222222
-143.49166333333335,70.16071761904762
-143.52499666666665,70.16250333333333
-143.55833,70.16389222222222
-143.59166333333334,70.16167
-143.62499666666668,70.16288212121212
-143.65833,70.16218282051283
-143.69166333333334,70.16111444444445
-143.72499666666667,70.15500333333333
-143.75833,70.15000333333333
-143.79166333333333,70.14583666666667
-143.82499666666666,70.1416700047619
-143.85833,70.14167000416666
-143.89166333333333,70.14167000416666
-143.8916633666666,70.14167
-143.92499666666666,70.1369080952381
-143.95833,70.13214619047619
-143.99166333333335,70.13055888888888
-144.02499666666668,70.13055888888888
-144.05833,70.12500333888889
-144.09166333333334,70.11944777777778
-144.12499666666668,70.11944777777778
-144.15833,70.11500333333333
-144.19166333333334,70.10833667333333
-144.1916633666666,70.10833666666667
-144.22499666666667,70.10278111111111
-144.25833,70.09722555555555
-144.29166333333333,70.09500333333332
-144.32499666666666,70.08833666666666
-144.35833,70.08167
-144.39166333333333,70.07500334
-144.3916633666666,70.07500333333333
-144.42499666666666,70.07129962962964
-144.45833,70.06759592592593
-144.49166333333335,70.06250333333332
-144.52499666666668,70.05500333333333
-144.55833,70.04833666666667
-144.59166333333334,70.04167000833333
-144.5916633666666,70.04167
-144.62499666666668,70.03500333333334
-144.65833,70.03500333333334
-144.69166333333334,70.03333666666667
-144.72499666666667,70.02500334166666
-144.75833,70.02500334166666
-144.79166333333333,70.02833666666666
-144.82499666666666,70.03500333333334
-144.85833,70.03500333333334
-144.89166330000006,70.04167
-144.89166333333333,70.04167000833333
-144.92499666666666,70.05000333333334
-144.95833,70.05000333333334
-144.99166333333335,70.05500333333333
-145.02499666666668,70.06167
-145.05833,70.06167
-145.09166333333334,70.06833666666667
-145.12499666666668,70.06833666666667
-145.15833,70.06944777777778
-145.19166330000007,70.07500333333333
-145.19166333333334,70.07500333888889
-145.22499666666667,70.07500334
-145.25833,70.07500334
-145.29166333333333,70.08055888888889
-145.32499666666666,70.08167
-145.35833,70.08611444444445
-145.39166333333333,70.09167000555556
-145.42499666666666,70.09722555555555
-145.45833,70.10357476190477
-145.49166330000006,70.10833666666667
-145.49166333333335,70.10833667222222
-145.52499666666668,70.11389222222222
-145.55833,70.12262238095238
-145.59166333333334,70.12738428571429
-145.62499666666668,70.13214619047619
-145.65833,70.13750333333333
-145.6694411111111,70.14167
-145.69166333333334,70.15119380952382
-145.72499666666667,70.16071761904762
-145.75833,70.17024142857143
-145.77499665000002,70.17500333333334
-145.79166333333333,70.17917
-145.82499666666666,70.18611444444444
-145.85833,70.19167000333333
-145.89166333333333,70.19583666666666
-145.92499666666666,70.20000333333333
-145.95833,70.20417
-145.99166330000006,70.20833666666667
-145.99166333333335,70.20833667083333
-146.02499666666668,70.21574407407408
-146.05833,70.21944777777777
-146.09166333333334,70.22167
-146.12499666666668,70.22315148148148
-146.15833,70.22685518518519
-146.19166333333334,70.22917
-146.22499666666667,70.23214619047619
-146.25833,70.23214619047619
-146.2916633166667,70.24167
-146.29166333333333,70.2416700037037
-146.32499666666666,70.2453737037037
-146.35833,70.25167
-146.39166333333333,70.25278111111112
-146.42499666666666,70.25417
-146.45833,70.25417
-146.49166333333335,70.25833667083333
-146.52499666666668,70.25833667083333
-146.55833,70.26071761904763
-146.59166333333334,70.26389222222222
-146.62499666666668,70.26389222222222
-146.65833,70.26833666666667
-146.69166330000007,70.27500333333333
-146.69166333333334,70.2750033388889
-146.72499666666667,70.27500334
-146.75833,70.28167
-146.79166333333333,70.28833666666667
-146.82499666666666,70.29500333333333
-146.85833,70.30167
-146.87499665,70.30833666666666
-146.89166333333333,70.31389222222222
-146.92499666666666,70.31944777777778
-146.95833,70.32500333888889
-146.99166333333335,70.32833666666667
-147.02499666666668,70.33055888888889
-147.05833,70.33611444444445
-147.09166330000008,70.34167
-147.09166333333334,70.34167000555556
-147.12499666666668,70.34167000666666
-147.15833,70.34167000833332
-147.19166333333334,70.35000333333333
-147.22499666666667,70.358336675
-147.25833,70.36389222222222
-147.29166330000007,70.37500333333332
-147.29166333333333,70.37500334
-147.32499666666666,70.38611444444444
-147.35833,70.39167000555555
-147.39166333333333,70.40167
-147.4249966333334,70.40833666666667
-147.42499666666666,70.40833667142857
-147.45833,70.41309857142858
-147.49166333333335,70.41786047619047
-147.52499666666668,70.41944777777778
-147.55833,70.41667
-147.59166333333334,70.42500334999998
-147.6249966333334,70.44167
-147.62499666666668,70.44167001666665
-147.6472188888889,70.47500333333333
-147.65833,70.49167001666665
-147.6694411111111,70.50833666666666
-147.69166333333334,70.51944777777777
-147.72499666666667,70.53333666666667
-147.7416633166667,70.54167
-147.75833,70.5453737037037
-147.79166333333333,70.5453737037037
-147.82499666666666,70.54907740740741
-147.85833,70.55000333333334
-147.89166333333333,70.54722555555556
-147.92499666666666,70.54833666666667
-147.95833,70.54833666666667
-147.99166333333335,70.54833666666667
-148.02499666666668,70.55500333333333
-148.05833,70.55500333333333
-148.09166333333334,70.55500333333333
-148.12499666666668,70.55833667222223
-148.15833,70.56167
-148.19166333333334,70.55500333333333
-148.22499666666667,70.54833666666667
-148.24166334999998,70.54167
-148.25833,70.53055888888889
-148.29166333333333,70.51667
-148.32499666666666,70.50833667333333
-148.35833,70.51389222222222
-148.39166333333333,70.50833667333333
-148.42499666666666,70.50833667222221
-148.45833,70.50833667222221
-148.49166333333335,70.50833667222221
-148.52499666666668,70.50833667333333
-148.55833,70.50833667333333
-148.55833003333328,70.50833666666666
-148.59166333333334,70.50000333333332
-148.62499666666668,70.49722555555556
-148.65833,70.49722555555556
-148.69166333333334,70.50000333333332
-148.72499666666667,70.50167
-148.75832996666674,70.50833666666666
-148.75833,70.508336675
-148.79166333333333,70.508336675
-148.82499666666666,70.51667
-148.85833,70.52167
-148.89166333333333,70.52167
-148.92499666666666,70.52833666666666
-148.95833,70.53333666666667
-148.99166333333335,70.53500333333334
-149.0249966333334,70.54167
-149.02499666666668,70.54167001111111
-149.05833,70.54167001111111
-149.09166333333334,70.55000333333334
-149.12499666666668,70.55500333333333
-149.15833,70.558336675
-149.19166333333334,70.56167
-149.22499666666667,70.56833666666667
-149.25833,70.56944777777778
-149.29166333333333,70.56944777777778
-149.32499666666666,70.56944777777778
-149.35832996666673,70.57500333333333
-149.35833,70.57500334166666
-149.39166333333333,70.57500334166666
-149.42499666666666,70.58167
-149.45833,70.58167
-149.49166333333335,70.58611444444445
-149.52499666666668,70.59167000555556
-149.55833,70.59167000555556
-149.59166333333334,70.59167000555556
-149.62499666666668,70.59722555555555
-149.65833,70.59722555555555
-149.69166333333334,70.59722555555555
-149.72499666666667,70.59722555555555
-149.75833,70.59722555555555
-149.79166333333333,70.59722555555555
-149.82499666666666,70.59722555555555
-149.85833,70.60167
-149.89166333333333,70.60167
-149.92499666666666,70.60000333333333
-149.95833,70.59722555555555
-149.99166333333335,70.59722555555555
-150.02499666666668,70.59722555555555
-150.05833,70.59722555555555
-150.09166333333334,70.59722555555555
-150.12499666666668,70.59722555555555
-150.15833,70.60000333333333
-150.19166333333334,70.60000333333333
-150.22499666666667,70.59722555555555
-150.25833,70.59722555555555
-150.29166333333333,70.59722555555555
-150.32499666666666,70.60000333333333
-150.35833,70.60000333333333
-150.39166333333333,70.60000333333333
-150.4249966333334,70.60833666666667
-150.42499666666666,70.60833667777777
-150.45833,70.60833667777777
-150.49166333333335,70.60833667777777
-150.52499666666668,70.60833668333332
-150.55833,70.61944777777778
-150.59166333333334,70.61944777777778
-150.62499666666668,70.61944777777778
-150.65833,70.61944777777778
-150.69166333333334,70.61944777777778
-150.72499666666667,70.62500334166666
-150.75833,70.62500334166666
-150.79166333333333,70.62500334166666
-150.82499666666666,70.62500334166666
-150.85833,70.62500334166666
-150.89166333333333,70.63055888888888
-150.92499666666666,70.63055888888888
-150.95833,70.62500334999999
-150.99166333333335,70.62500334999999
-151.02499666666668,70.62500334999999
-151.05832996666675,70.64167
-151.05833,70.6416700111111
-151.09166333333334,70.64167001666665
-151.12499666666668,70.64167001666665
-151.15833,70.65833668333332
-151.19166333333334,70.65833668333332
-151.22499666666667,70.65833668333332
-151.25832996666674,70.67500333333334
-151.25833,70.67500334999998
-151.29166333333333,70.67500334999998
-151.32499666666666,70.6750033666666
-151.35833,70.69167001666665
-151.39166330000006,70.70833666666667
-151.39166333333333,70.70833668333331
-151.42499666666666,70.70833669999993
-151.45833,70.70833669999993
-151.49166330000006,70.74167
-151.49166333333335,70.74167003333326
-151.52499666666668,70.74167003333326
-151.55833,70.74167003333326
-151.59166330000008,70.77500333333333
-151.59166333333334,70.7750033666666
-151.62499666666668,70.7750033666666
-151.65833,70.7750033666666
-151.69166330000007,70.80833666666666
-151.69166333333334,70.80833669999993
-151.72499666666667,70.80833669999993
-151.75833,70.80833669999993
-151.79166330000007,70.84167
-151.79166333333333,70.84167001666665
-151.82499666666666,70.84167001666665
-151.85833,70.84167003333326
-151.89166333333333,70.85833668333332
-151.9249966333334,70.87500333333332
-151.92499666666666,70.87500334999999
-151.95833,70.87500334999999
-151.99166333333335,70.88611444444444
-152.02499666666668,70.89167001666665
-152.05833,70.89167001666665
-152.09166333333334,70.89722555555555
-152.1249966333334,70.90833666666667
-152.12499666666668,70.90833668333332
-152.15833,70.90833668333332
-152.19166333333334,70.90833668333332
-152.22499666666667,70.90833668333332
-152.25833,70.90833668333332
-152.29166333333333,70.91944777777778
-152.32499666666666,70.93055888888888
-152.35833,70.93055888888888
-152.39166330000006,70.94167
-152.39166333333333,70.9416700111111
-152.42499666666666,70.94167001666665
-152.45833,70.94167001666665
-152.49166333333332,70.95278111111111
-152.52499666666668,70.95278111111111
-152.55833,70.95833668333331
-152.59166333333334,70.95833668333331
-152.62499666666668,70.96389222222223
-152.65833,70.96389222222223
-152.69166333333334,70.96667
-152.7249966333334,70.97500333333333
-152.72499666666667,70.97500334444443
-152.75833,70.97500334999998
-152.79166333333333,70.97500334999998
-152.82499666666666,70.97500334999998
-152.85833,70.98611444444444
-152.89166333333333,70.98611444444444
-152.92499666666666,70.99167001666665
-152.95833,70.99167001666665
-152.99166333333332,70.99722555555556
-153.02499666666668,70.99722555555556
-153.05833,70.99722555555556
-153.09166333333334,70.99722555555556
-153.12499666666668,70.99722555555556
-153.15832996666674,71.00833666666666
-153.15833,71.00833667777776
-153.15833003333327,71.00833666666666
-153.19166333333334,70.99722555555556
-153.22499666666667,70.99722555555556
-153.25833,70.99722555555556
-153.29166330000007,71.00833666666666
-153.29166333333333,71.00833667777776
-153.32499666666666,71.00833667777776
-153.32499669999993,71.00833666666666
-153.35833,70.99722555555556
-153.39166333333333,70.99722555555556
-153.42499666666666,70.99722555555556
-153.45833,70.99722555555556
-153.49166333333332,70.99722555555556
-153.52499666666668,70.99722555555556
-153.55833,70.99167001666665
-153.59166333333334,70.99167001666665
-153.62499666666668,70.99167001666665
-153.65833,70.99167001666665
-153.69166333333334,70.99167001666665
-153.72499666666667,70.99167001666665
-153.75833,70.99167001666665
-153.79166333333333,70.98611444444444
-153.82499666666666,70.98611444444444
-153.85833,70.98611444444444
-153.89166333333333,70.98611444444444
-153.92499666666666,70.99167001666665
-153.95833,70.99167001666665
-153.99166333333332,70.99167001666665
-154.02499666666668,70.99167001666665
-154.05833,70.99167001666665
-154.09166333333334,70.99722555555556
-154.1249966333334,71.00833666666666
-154.12499666666668,71.00833668333331
-154.15833,71.00833668333331
-154.19166333333334,71.00833668333331
-154.22499666666667,71.01944777777777
-154.25833,71.02500335
-154.29166333333333,71.02500335
-154.32499666666666,71.02500335
-154.35832996666673,71.04167
-154.35833,71.04167001666664
-154.39166333333333,71.04167001666664
-154.42499666666666,71.05833668333332
-154.45833,71.05833668333332
-154.49166330000006,71.07500333333333
-154.49166333333332,71.07500334999997
-154.52499666666668,71.07500334999997
-154.55833,71.09167001666665
-154.59166330000008,71.10833666666667
-154.59166333333334,71.10833667777777
-154.62499666666668,71.10833668333332
-154.65833,71.11944777777778
-154.69166333333334,71.12500334999999
-154.7249966333334,71.14167
-154.72499666666667,71.1416700111111
-154.75833,71.14167001666665
-154.79166333333333,71.15278111111111
-154.82499666666666,71.15833668333332
-154.85833,71.16389222222222
-154.89166330000006,71.17500333333334
-154.89166333333333,71.17500334444443
-154.92499666666666,71.17500334999998
-154.95833,71.18611444444444
-154.99166333333332,71.19722555555555
-154.99309957520495,71.19722555555555
-154.93336693432533,72.09494306290519
-154.92499666666666,72.09381067278288
-154.89166333333333,72.09001054834054
-154.85833,72.08553666666667
-154.82499666666666,72.08070675538656
-154.7961505128205,72.07500333333333
-154.79166333333333,72.07141358974359
-154.77568537190083,72.04167
-154.79166333333333,72.00890163841808
-154.79197485981308,72.00833666666666
-154.81376859649123,71.97500333333333
-154.79166333333333,71.95689988505747
-154.75833,71.95206426523298
-154.72499666666667,71.95407981240982
-154.69166333333334,71.96060333333334
-154.65833,71.97046432624114
-154.64634498127342,71.97500333333333
-154.62499666666668,71.98167
-154.59166333333334,71.99325428390368
-154.55833,72.00432560165974
-154.53289140350878,72.00833666666666
-154.52499666666668,72.00913242263483
-154.50499666666667,72.00833666666666
-154.49166333333332,72.00753985391766
-154.45833,72.00169415458937
-154.42499666666666,71.99536198312236
-154.39166333333333,71.99176523809524
-154.35833,71.99002680751174
-154.32499666666666,71.98897250481696
-154.29166333333333,71.98910202416918
-154.25833,71.99009767295598
-154.22499666666667,71.99074709011944
-154.19166333333334,71.99082824915826
-154.15833,71.99115096885814
-154.12499666666668,71.99118690821255
-154.09166333333334,71.99054118193891
-154.05833,71.98708062801933
-154.02708,71.97500333333333
-154.02499666666668,71.97344570093458
-153.99166333333332,71.94438604938271
-153.98729825396825,71.94167
-153.95833,71.93148868898187
-153.92499666666666,71.92688126760564
-153.89166333333333,71.9264672972973
-153.85833,71.93034924528303
-153.82607193548387,71.94167
-153.82499666666666,71.94204735849057
-153.79166333333333,71.95434973856209
-153.75833,71.95907294511379
-153.72499666666667,71.953066011396
-153.70097264264265,71.94167
-153.69166333333334,71.92906837398374
-153.67562559748427,71.90833666666667
-153.65833,71.90117520833333
-153.62499666666668,71.89613898002102
-153.59166333333334,71.89595571428572
-153.55833,71.89622399061032
-153.52499666666668,71.89637588235294
-153.49166333333332,71.89502397316821
-153.45833,71.89106393939394
-153.42499666666666,71.88617600184672
-153.39166333333333,71.88184543859649
-153.35833,71.87752585585585
-153.3430294535519,71.87500333333332
-153.32499666666666,71.87148895633652
-153.29166333333333,71.86508040462428
-153.25833,71.8598599641577
-153.22499666666667,71.85466435028249
-153.19166333333334,71.84548944444444
-153.18369231884057,71.84167
-153.15833,71.82683949152542
-153.12499666666668,71.8102234591195
-153.12018897435897,71.80833666666666
-153.09166333333334,71.79953350148368
-153.05833,71.79341693106704
-153.02499666666668,71.78948682641108
-152.99166333333332,71.78486444444445
-152.96052298245615,71.77500333333333
-152.95833,71.77424575757576
-152.92499666666666,71.76239072072072
-152.89166333333333,71.75123790123456
-152.86127117647058,71.74167
-152.85833,71.74102275080907
-152.82499666666666,71.73676202453987
-152.79166333333333,71.73402474006116
-152.75833,71.73096292929293
-152.72499666666667,71.72918229105211
-152.69166333333334,71.73059215568863
-152.65833,71.73375860759494
-152.62499666666668,71.73534231638418
-152.59166333333334,71.73219511415525
-152.55833,71.72489580645161
-152.52499666666668,71.71475868501528
-152.50920719298244,71.70833666666667
-152.49166333333332,71.69918633986927
-152.45833,71.68416713631157
-152.4340875757576,71.67500333333334
-152.42499666666666,71.67135369829684
-152.39166333333333,71.66250333333333
-152.35833,71.65713184738956
-152.32499666666666,71.6533264417178
-152.29166333333333,71.64876219858155
-152.26388555555556,71.64167
-152.25833,71.6398008411215
-152.22499666666667,71.62842034867504
-152.19166333333334,71.61940536895673
-152.15833,71.61248761006289
-152.13588102040816,71.60833666666667
-152.12499666666668,71.6056155782313
-152.09166333333334,71.59693770293609
-152.05833,71.58865581560283
-152.02499666666668,71.5812090070922
-151.99907074074073,71.57500333333333
-151.99166333333335,71.57299530120483
-151.95833,71.55845004535148
-151.92931039215688,71.54167
-151.92499666666666,71.53937833333333
-151.89166333333333,71.52410512974052
-151.85833,71.51062833333333
-151.85293784313725,71.50833666666666
-151.82499666666666,71.49646166666666
-151.79166333333333,71.4839319047619
-151.75833,71.47620608247422
-151.74860777777778,71.47500333333333
-151.72499666666667,71.47301502923976
-151.69166333333334,71.47290543123543
-151.66008438596492,71.47500333333333
-151.65833,71.4751151901566
-151.62499666666668,71.47636785575048
-151.59166333333334,71.47648675392671
-151.55833,71.47516673202614
-151.55647814814816,71.47500333333333
-151.52499666666668,71.47134741935484
-151.49166333333335,71.46713705998033
-151.45833,71.46554774594078
-151.42499666666666,71.4682325
-151.39166333333333,71.47452198555956
-151.38932415204678,71.47500333333333
-151.35833,71.48057641430074
-151.32499666666666,71.48105572719061
-151.29166333333333,71.47614619047619
-151.28830198879552,71.47500333333333
-151.25833,71.46257592334494
-151.22499666666667,71.44929527233116
-151.20043526315789,71.44167
-151.19166333333334,71.43874602339181
-151.15833,71.43226561128526
-151.12499666666668,71.42697020703933
-151.09166333333334,71.41599273262662
-151.07955905027933,71.40833666666667
-151.05833,71.39144777777778
-151.02919614173229,71.37500333333332
-151.02499666666668,71.3729361498708
-150.99166333333335,71.36194168234064
-150.95833,71.35709012927055
-150.92499666666666,71.3553312021858
-150.89166333333333,71.35675875739645
-150.85833,71.36131085297419
-150.82499666666666,71.3647052303523
-150.79166333333333,71.36203036036036
-150.75833,71.3435517204301
-150.7562087878788,71.34167
-150.72499666666667,71.32238161048689
-150.69166333333334,71.31739327044025
-150.65833,71.31512679012346
-150.62499666666668,71.31163996996997
-150.59166333333334,71.31180888888889
-150.55833,71.31570100775194
-150.52499666666668,71.31628773700305
-150.49166333333335,71.30892559481742
-150.49020134502925,71.30833666666666
-150.45833,71.29642409836066
-150.42499666666666,71.28654951807229
-150.39166333333333,71.27845500986193
-150.37651181818183,71.27500333333333
-150.35833,71.27123989247312
-150.32499666666666,71.26632192465192
-150.29166333333333,71.26322963302752
-150.25833,71.26099584269663
-150.22499666666667,71.25931264264264
-150.19166333333334,71.25841242424242
-150.15833,71.25872607476636
-150.12499666666668,71.26107298507463
-150.09166333333334,71.26497623306233
-150.05833,71.26895174603175
-150.02499666666668,71.27148366459627
-149.99166333333335,71.27262238095238
-149.95833,71.27202897435897
-149.92499666666666,71.26821690618762
-149.89166333333333,71.26291756335283
-149.85833,71.25630178294574
-149.82499666666666,71.24761900849859
-149.80241602150537,71.24167
-149.79166333333333,71.23897458221023
-149.75833,71.23350168316831
-149.72499666666667,71.23094392739273
-149.69166333333334,71.22938498771498
-149.65833,71.22796283489097
-149.62499666666668,71.22806455782313
-149.59166333333334,71.22940148148149
-149.55833,71.23074232704403
-149.52499666666668,71.23269564102564
-149.49166333333335,71.23518175993512
-149.45833,71.2368623076923
-149.42499666666666,71.23704037037037
-149.39166333333333,71.23602897435897
-149.35833,71.23479056737588
-149.32499666666666,71.23498896551723
-149.29166333333333,71.23756147286821
-149.25833,71.23988882951653
-149.22499666666667,71.23892085910653
-149.19166333333334,71.23493923076923
-149.15833,71.23140214285715
-149.12499666666668,71.23046432624113
-149.09166333333334,71.23235941009239
-149.05833,71.23699567049809
-149.03914761006288,71.24167
-149.02499666666668,71.24474377049181
-148.99166333333335,71.25230526052819
-148.95833,71.25616595290654
-148.92499666666666,71.25475479532163
-148.89166333333333,71.25054918486171
-148.85833,71.2461627536232
-148.82499666666666,71.24382982721382
-148.79166333333333,71.24389701149425
-148.75833,71.24580043478261
-148.72499666666667,71.24801556574924
-148.69166333333334,71.24731236111111
-148.6635248051948,71.24167
-148.65833,71.24031864864864
-148.62499666666668,71.22987662768031
-148.59166333333334,71.22273255355613
-148.55833,71.21952829307568
-148.52499666666668,71.218974964539
-148.49166333333335,71.21760457943925
-148.45833,71.21426953161593
-148.42499666666666,71.21045431372549
-148.4066293197279,71.20833666666667
-148.39166333333333,71.20623542502388
-148.35833,71.20059531876139
-148.32499666666666,71.19442
-148.29166333333333,71.18805329604773
-148.25833,71.18293984126984
-148.22499666666667,71.179391021611
-148.19166333333334,71.1767879094965
-148.17137347826088,71.17500333333334
-148.15833,71.17334128347184
-148.12499666666668,71.16493685660019
-148.09166333333334,71.15159509363296
-148.06871961038962,71.14167
-148.05833,71.1360755944056
-148.02499666666668,71.12378143695014
-147.99166333333335,71.11613009389671
-147.95872682539684,71.10833666666667
-147.95833,71.10824483930212
-147.92499666666666,71.10043369327073
-147.89166333333333,71.09439601794341
-147.85833,71.09007966921119
-147.82499666666666,71.08607321583179
-147.79166333333333,71.08180732833958
-147.75833,71.07743115485565
-147.74210192982457,71.07500333333333
-147.72499666666667,71.07146109900091
-147.69166333333334,71.06338985815603
-147.65833,71.05664942386831
-147.62499666666668,71.0539669837587
-147.59166333333334,71.0546707558579
-147.55833,71.05734732115677
-147.52499666666668,71.05945290993071
-147.49166333333335,71.05997985915494
-147.45833,71.06026131859132
-147.42499666666666,71.05990734729494
-147.39166333333333,71.05572508072174
-147.35833,71.04739597137014
-147.33240407407408,71.04167
-147.32499666666666,71.03989222222222
-147.29166333333333,71.03328490683231
-147.25833,71.02799734530939
-147.22499666666667,71.02500333342803
-147.19166333333334,71.02500333342059
-147.15833,71.02855663282571
-147.12499666666668,71.03438111111112
-147.09166333333334,71.03844419354839
-147.05833,71.03590868312757
-147.02499666666668,71.0269190421456
-146.99166333333335,71.01691752475247
-146.95833,71.00904288135592
-146.95478390070923,71.00833666666666
-146.92499666666666,71.0010827806563
-146.89166333333333,70.99454878787878
-146.85833,70.99009767295598
-146.82499666666666,70.98802627530364
-146.79166333333333,70.98789578490315
-146.75833,70.98755563458856
-146.72499666666667,70.98271868913858
-146.69838167958656,70.97500333333333
-146.69166333333334,70.97242396825396
-146.65833,70.96304404580152
-146.62499666666668,70.95786718309859
-146.59166333333334,70.95449624906786
-146.55833,70.95329962962963
-146.52499666666668,70.95558437308868
-146.49166333333335,70.96050333333334
-146.45833,70.96722235350624
-146.42579987951808,70.97500333333333
-146.42499666666666,70.97517296861747
-146.39166333333333,70.98055888888888
-146.35833,70.98410243243244
-146.32499666666666,70.98666036608863
-146.29166333333333,70.98997601092896
-146.25833,70.99604158469946
-146.22499666666667,71.00796213483146
-146.22388555555557,71.00833666666666
-146.19166333333334,71.01397320699708
-146.15833,71.0152736036036
-146.12499666666668,71.01336966996699
-146.09166333333334,71.00892146198831
-146.08714355932204,71.00833666666666
-146.05833,71.00281718614718
-146.02499666666668,71.00204364798427
-145.99166333333335,71.00630022508038
-145.9827431455399,71.00833666666666
-145.95833,71.01171548408057
-145.92499666666666,71.01713728971963
-145.89166333333333,71.02208431261771
-145.85833,71.0261527586207
-145.82499666666666,71.03022507868383
-145.79166333333333,71.03515230912477
-145.75833,71.03646905437353
-145.72499666666667,71.02487209973754
-145.6980735897436,71.00833666666666
-145.69166333333334,71.00523107660456
-145.65833,70.99513869712352
-145.62499666666668,70.99159175273866
-145.59166333333334,70.99275877721942
-145.55833,70.99817406504064
-145.52499666666668,71.00219009456265
-145.49166333333335,70.99766128540305
-145.45833,70.99122436720143
-145.42499666666666,70.98606461883408
-145.39166333333333,70.98215531289911
-145.35833,70.9794168060395
-145.32499666666666,70.97914126436781
-145.29166333333333,70.98204037037037
-145.25833,70.98689821576764
-145.22499666666667,70.99260457943925
-145.19166333333334,70.99907740740741
-145.15833,71.00555888888888
-145.13610777777777,71.00833666666666
-145.12499666666668,71.00914638326586
-145.09166333333334,71.00877719530102
-145.08821505747127,71.00833666666666
-145.05833,71.0000826984127
-145.02499666666668,70.98456617486339
-145.0067675,70.97500333333333
-144.99166333333335,70.96637238095238
-144.95833,70.95576395973154
-144.92499666666666,70.95072587668594
-144.89166333333333,70.94792
-144.85833,70.94736105691057
-144.82499666666666,70.94737987654321
-144.79166333333333,70.94727471976401
-144.75833,70.94788212121212
-144.72499666666667,70.94962262267343
-144.69166333333334,70.95329790697674
-144.65833,70.95800554083885
-144.62499666666668,70.96107639269407
-144.59166333333334,70.96047341880342
-144.55833,70.95723886227545
-144.52499666666668,70.94990970037453
-144.50277444444444,70.94167
-144.49166333333335,70.93226829059829
-144.45833,70.91361244604316
-144.44166333257576,70.90833666666667
-144.42499666666666,70.8995013253012
-144.39166333333333,70.8889163768116
-144.35833,70.88463296296297
-144.32499666666666,70.88404726098192
-144.29166333333333,70.88632408805032
-144.25833,70.88840913043478
-144.22499666666667,70.8890774074074
-144.19166333333334,70.89089480620154
-144.15833,70.89146423868313
-144.12499666666668,70.88882447154472
-144.09166333333334,70.88516593495935
-144.05833,70.88167
-144.02499666666668,70.8783788607595
-144.00277444444444,70.87500333333332
-143.99166333333335,70.87216645390072
-143.95833,70.85909424242425
-143.93094904761904,70.84167
-143.92499666666666,70.83921901960784
-143.89166333333333,70.82412614035087
-143.85833,70.81154951807228
-143.84499666666667,70.80833666666666
-143.82499666666666,70.80394106227106
-143.79166333333333,70.8000929390681
-143.75833,70.79896166666667
-143.72499666666667,70.79833666666667
-143.69166333333334,70.7976448427673
-143.65833,70.79782615615616
-143.62499666666668,70.79889713864307
-143.59166333333334,70.80030095238095
-143.55833,70.80130302752293
-143.52499666666665,70.80251142394822
-143.49166333333335,70.80328616161616
-143.45833,70.80323462585034
-143.42499666666666,70.80173600660066
-143.39166333333333,70.79953163522012
-143.35833,70.79682151515152
-143.32499666666666,70.79302135135134
-143.29166333333333,70.78768769911504
-143.25833,70.78212584045585
-143.22499666666667,70.77778111111111
-143.19469363636364,70.77500333333333
-143.19166333333334,70.77456473684211
-143.15833,70.77094927927928
-143.12499666666668,70.76504662337662
-143.09166333333334,70.75696411764706
-143.05833,70.74847272108843
-143.02802696969698,70.74167
-143.02499666666665,70.74025156028368
-142.99166333333335,70.72794450980392
-142.95833,70.72006506172839
-142.92499666666666,70.71547952380952
-142.89166333333333,70.71342141242938
-142.85833,70.71256947089947
-142.82499666666666,70.71274843137255
-142.79166333333333,70.71526307359306
-142.75833,70.72065550724638
-142.72499666666667,70.72692073746313
-142.69166333333334,70.73186607843138
-142.65833,70.7344970042194
-142.62499666666668,70.7354902247191
-142.59166333333334,70.73776929078014
-142.5694411111111,70.74167
-142.55833,70.74322367231639
-142.52499666666665,70.74818906519064
-142.49166333333335,70.75258127098321
-142.45833,70.75859913385827
-142.42499666666666,70.76659492492493
-142.39166333333333,70.77417825082509
-142.38715882882883,70.77500333333333
-142.35833,70.77756128697042
-142.32499666666666,70.77961871794872
-142.29166333333333,70.78042555555555
-142.25833,70.77905738738738
-142.22708,70.77500333333333
-142.22499666666667,70.77445985507246
-142.19166333333334,70.76153863711002
-142.15833,70.74415062015504
-142.15503781893005,70.74167
-142.12771775510203,70.70833666666667
-142.12499666666668,70.70456308176101
-142.09775028985507,70.67500333333334
-142.09166333333334,70.6705729535865
-142.05833,70.65573551059731
-142.02499666666665,70.6449486885246
-142.00961205128206,70.64167
-141.99166333333335,70.6368088888889
-141.95833,70.63586475655431
-141.92499666666666,70.64114916666666
-141.92330175141242,70.64167
-141.89166333333333,70.64806269406392
-141.85833,70.65536863013699
-141.82499666666666,70.66242702075702
-141.79166333333333,70.66879550607287
-141.76326827160494,70.67500333333334
-141.75833,70.67582384615385
-141.72499666666667,70.68160055555555
-141.69166333333334,70.68593877470356
-141.65833,70.68615979591837
-141.62499666666668,70.6828913740458
-141.59166333333334,70.67857888119954
-141.55937166666666,70.67500333333334
-141.55833,70.67479101910828
-141.52499666666665,70.66732789473684
-141.49166333333335,70.65381285714285
-141.47413756013745,70.64167
-141.45833,70.62122555555555
-141.4500678917379,70.60833666666667
-141.44734515151515,70.57500333333333
-141.42499666666666,70.55362652173913
-141.39166333333333,70.54448385281385
-141.35833,70.54167000016835
-141.35832996666673,70.54167
-141.32499666666666,70.54143851851852
-141.31388555555554,70.54167
-141.29166333333333,70.54197581039756
-141.28055222222224,70.54167
-141.25833,70.54076297052154
-141.22499666666667,70.53973451612903
-141.19166333333334,70.538545
-141.15833,70.53535836291913
-141.12499666666668,70.53184341040462
-141.09166333333334,70.52806053254437
-141.05833,70.52131071856287
-141.02499666666665,70.51208420118343
-141.00787954954956,70.50833666666666
-140.99166333333335,70.50392490196079
-140.95833,70.5010684962406
-140.92499666666666,70.50500333333333
-140.9144703508772,70.50833666666666
-140.89166333333333,70.51427273972602
-140.85833,70.52851210526316
-140.8365908695652,70.54167
-140.82499666666666,70.55036565217391
-140.79166333333333,70.57154012987013
-140.78333,70.57500333333333
-140.75833,70.57906424703891
-140.72499666666667,70.58232510597303
-140.69166333333334,70.58432734265735
-140.65833,70.58452714285714
-140.62499666666668,70.58247
-140.59166333333334,70.57923218905472
-140.55833,70.5761938095238
-140.54317848484848,70.57500333333333
-140.52499666666665,70.57259369477912
-140.49166333333335,70.5681067816092
-140.45833,70.56131912280702
-140.42499666666666,70.55364411003237
-140.39166333333333,70.54509679127726
-140.3798353763441,70.54167
-140.35833,70.52859810457517
-140.32499666666666,70.51490232323232
-140.29791333333333,70.50833666666666
-140.29166333333333,70.50616275362319
-140.25833,70.49872128205128
-140.22499666666667,70.49464619047619
-140.19166333333334,70.49254719298246
-140.15833,70.49137760233918
-140.12499666666668,70.49009767295597
-140.09166333333334,70.48767
-140.05833,70.48264222222222
-140.02499666666665,70.47500333405797
-140.0249966642857,70.47500333333333
-139.99166333333335,70.46695735632184
-139.95833,70.4597490960452
-139.92499666666666,70.45296943502825
-139.89166333333333,70.44693315789473
-139.8685864102564,70.44167
-139.85833,70.43937114942528
-139.82499666666666,70.43172847953217
-139.79166333333333,70.42227606060607
-139.75833,70.41204037037036
-139.74780368421054,70.40833666666667
-139.72499666666667,70.40073432748538
-139.69166333333334,70.39079280701755
-139.65833,70.38202087719299
-139.63166333333334,70.37500333333332
-139.62499666666668,70.37361444444444
-139.59166333333334,70.36775695652173
-139.55833,70.36210010752689
-139.52499666666665,70.35682151515151
-139.49166333333335,70.35408830065359
-139.45833,70.35391489795919
-139.42499666666666,70.35555888888888
-139.39166333333333,70.35903111111111
-139.35833,70.36294659574469
-139.32499666666666,70.36630768115941
-139.29166333333333,70.36759592592593
-139.25833,70.36706682539682
-139.22499666666667,70.36524723577236
-139.19166333333334,70.36337542635658
-139.15833,70.36152815602837
-139.12499666666668,70.35961871794872
-139.09166333333334,70.35833666724137
-139.05833,70.35860989071038
-139.02499666666665,70.35918412429379
-138.99166333333335,70.35774142857143
-138.95833,70.3558675308642
-138.92499666666666,70.35500333333333
-138.89166333333333,70.35616275362318
-138.85833,70.35909424242425
-138.82499666666666,70.36260023255814
-138.79166333333333,70.36647620155038
-138.75833,70.37035217054263
-138.72499666666667,70.37420968253969
-138.72023476190475,70.37500333333332
-138.69166333333334,70.38000333333333
-138.65833,70.3847594308943
-138.62499666666668,70.38917
-138.59166333333334,70.39342438596492
-138.55833,70.39815148148148
-138.52499666666665,70.40328616161617
-138.50118714285713,70.40833666666667
-138.49166333333335,70.41000333333334
-138.45833,70.4156537398374
-138.42499666666666,70.42181184397162
-138.39166333333333,70.42685518518519
-138.35833,70.43019459016394
-138.32499666666666,70.432295
-138.29166333333333,70.43346487179487
-138.25833,70.43620551912568
-138.22802696969697,70.44167
-138.22499666666667,70.44196498525073
-138.19166333333334,70.44665442367601
-138.15833,70.45170236245954
-138.12499666666668,70.4552622330097
-138.09166333333334,70.45665470948012
-138.05833,70.45645260869566
-138.02499666666665,70.4552811111111
-137.99166333333335,70.45287218579234
-137.95833,70.44850060109289
-137.92627871794872,70.44167
-137.92499666666666,70.44136969969969
-137.89166333333333,70.43304931034483
-137.85833,70.42617292397661
-137.82499666666666,70.42198746031747
-137.79166333333333,70.42138014492754
-137.75833,70.4266293495935
-137.72499666666667,70.4365417948718
-137.70594904761904,70.44167
-137.69166333333334,70.44437270270271
-137.65833,70.44898707317073
-137.62499666666668,70.45219631578948
-137.59166333333334,70.45447193236714
-137.55833,70.45561799054374
-137.52499666666665,70.45514517730496
-137.49166333333335,70.4530175177305
-137.45833,70.45000333333333
-137.42499666666666,70.44667
-137.39166333333333,70.44378267605634
-137.35833,70.44167000023148
-137.3583299952381,70.44167
-137.32499666666666,70.44006080459769
-137.29166333333333,70.43935518518518
-137.25833,70.43883312056738
-137.22499666666667,70.43826367396593
-137.19166333333334,70.43740934837092
-137.15833,70.43628538461539
-137.12499666666668,70.43510434343435
-137.09166333333334,70.43442362318841
-137.05833,70.43477344827586
-137.02499666666665,70.43652458612975
-136.99166333333335,70.44011444444445
-136.98361735632184,70.44167
-136.95833,70.44799183908046
-136.92499666666666,70.46025407079645
-136.89166333333333,70.47470571428572
-136.89099666666667,70.47500333333333
-136.85833,70.49399558139535
-136.8315184057971,70.50833666666666
-136.82499666666666,70.51106393939394
-136.79166333333333,70.51912098039216
-136.75833,70.52286658119658
-136.72499666666667,70.52562833333333
-136.69166333333334,70.5292516993464
-136.65833,70.53454356321839
-136.62499666774193,70.54167
-136.62499666666668,70.5416700002433
-136.59166333333334,70.55024843137255
-136.55833,70.5598292039801
-136.52499666666665,70.56838568627451
-136.49166333333335,70.57386178082191
-136.47884282051282,70.57500333333333
-136.45833,70.57749554517133
-136.42499666666666,70.5820546153846
-136.39166333333333,70.5880192063492
-136.35833,70.59532079365079
-136.32499666666666,70.6048446031746
-136.31388555555554,70.60833666666667
-136.2976157142857,70.64167
-136.29499666666666,70.67500333333334
-136.29166333333333,70.67794450980392
-136.25833,70.70262238095238
-136.2492390909091,70.70833666666667
-136.22499666666667,70.71922102040816
-136.19166333333334,70.72976523809524
-136.15833,70.73542
-136.12499666666668,70.73828835748792
-136.09166333333334,70.73941774774775
-136.05833,70.7404041772152
-136.03333,70.74167
-136.02499666666665,70.74206215686274
-135.99166333333335,70.74451552845528
-135.95833,70.7477306060606
-135.92499666666666,70.75152915492959
-135.89166333333333,70.75631646464646
-135.85833,70.76177582010581
-135.82499666666666,70.76810678160919
-135.80277444444445,70.77500333333333
-135.79166333333333,70.78071761904762
-135.75833,70.80185518518519
-135.74818507246377,70.80833666666666
-135.72499666666667,70.81993086956521
-135.69166333333334,70.83542
-135.67666333333332,70.84167
-135.65833,70.8515799099099
-135.62499666666668,70.86606024390244
-135.59880619047618,70.87500333333332
-135.59166333333334,70.87812833333334
-135.55833,70.88941774774774
-135.52499666666665,70.89881285714286
-135.49166333333335,70.9075790909091
-135.48863303030305,70.90833666666667
-135.45833,70.91875333333333
-135.42499666666666,70.92870703703704
-135.39166333333333,70.9367919512195
-135.36944111111112,70.94167
-135.35833,70.944795
-135.32499666666666,70.957295
-135.29166333333333,70.97298313131313
-135.28774176470588,70.97500333333333
-135.25833,70.99015484848485
-135.22499666851851,71.00833666666666
-135.22499666666667,71.00833666754386
-135.19166333333334,71.02378382113821
-135.15833,71.03624364341086
-135.13888555555556,71.04167
-135.12499666666668,71.04594350427351
-135.09166333333334,71.05549113821138
-135.05833,71.06309857142857
-135.02499666666665,71.07121545454545
-135.00984515151515,71.07500333333333
-134.99166333333335,71.07877691823899
-134.95833,71.08632408805032
-134.92499666666666,71.09512911949685
-134.89166333333333,71.10393415094339
-134.87610777777778,71.10833666666667
-134.85833,71.1129343678161
-134.82499666666666,71.12253419753087
-134.79166333333333,71.13251967320261
-134.75833000238094,71.14167
-134.75833,71.14167000070921
-134.72499666666667,71.14784283950617
-134.69166333333334,71.14973451612903
-134.65833,71.14939946859903
-134.62499666666668,71.14824894736842
-134.59166333333334,71.14614154471545
-134.55833,71.14283279069767
-134.54833,71.14167
-134.52499666666665,71.13892490196078
-134.49166333333335,71.13455389513109
-134.45833,71.1308004347826
-134.42499666666666,71.12784021276596
-134.39166333333333,71.125899390681
-134.35833,71.12555278388278
-134.32499666666666,71.12765484848485
-134.29166333333333,71.13198007751939
-134.25833,71.13833666666666
-134.24351518518517,71.14167
-134.22499666666667,71.14636483568076
-134.19166333333334,71.15500333333333
-134.15833,71.16221794520548
-134.12499666666668,71.16606024390244
-134.09166333333334,71.16632277777778
-134.05833,71.16560939393939
-134.02499666666665,71.16481049586777
-133.99166333333335,71.16502958005249
-133.95833,71.16525974358974
-133.92499666666666,71.16525974358974
-133.89166333333333,71.16492581395349
-133.85833,71.16406583333332
-133.82499666666666,71.16344419354839
-133.79166333333333,71.1635187394958
-133.75833,71.16637238095238
-133.72499666666667,71.17315148148148
-133.71874666666668,71.17500333333334
-133.69166333333334,71.18350006535948
-133.65833,71.19326420289855
-133.62499666666668,71.20140333333333
-133.5916633346154,71.20833666666667
-133.59166333333334,71.20833666690476
-133.55833,71.21381912280702
-133.52499666666665,71.21881884696018
-133.49166333333335,71.2244725477707
-133.45833,71.23114368421052
-133.42499666666666,71.23845160919541
-133.40833000119048,71.24167
-133.39166333333333,71.24591242424242
-133.35833,71.2521461904762
-133.32499666666666,71.25727283687944
-133.29166333333333,71.26208666666666
-133.25833,71.26884948717948
-133.23833,71.27500333333333
-133.22499666666667,71.27892490196078
-133.19166333333334,71.28949608695652
-133.15833,71.29988596244131
-133.12833,71.30833666666666
-133.12499666666668,71.30909424242424
-133.09166333333334,71.31550512544803
-133.05833,71.32139508591065
-133.02499666666665,71.32670401360544
-132.99166333333335,71.33264222222222
-132.95833,71.3398584057971
-132.9510836231884,71.34167
-132.92499666666666,71.34812161290323
-132.89166333333333,71.3572003030303
-132.85833,71.36777441767069
-132.83525307692307,71.37500333333332
-132.82499666666666,71.37799958801497
-132.79166333333333,71.38525974358974
-132.75833,71.3887964367816
-132.72499666666667,71.3899605982906
-132.69166333333334,71.39049629107981
-132.65833,71.39117980392157
-132.62499666666668,71.39265039215687
-132.59166333333334,71.39491074074074
-132.55833,71.39722555555555
-132.52499666666665,71.39905396624472
-132.49166333333335,71.40049352941176
-132.45833,71.40204037037037
-132.42499666666666,71.40347555555556
-132.39166333333333,71.40412954692556
-132.35833,71.40500333333333
-132.32499666666666,71.40546310344827
-132.29166333333333,71.4058573278237
-132.25833,71.40618612903225
-132.22499666666667,71.40673666666666
-132.19166333333334,71.40779903225805
-132.17833,71.40833666666667
-132.15833,71.40917
-132.12499666666668,71.41059655367232
-132.09166333333334,71.41207229885057
-132.05833,71.41384391304348
-132.02499666666665,71.4157112979351
-131.99166333333335,71.41742757575757
-131.95833,71.41944777777778
-131.92499666666666,71.4217982051282
-131.89166333333333,71.42550838383838
-131.85833,71.43091731182795
-131.82499666666666,71.43898800766283
-131.81666333333334,71.44167
-131.79166333333333,71.44903842105263
-131.75833,71.45994956989247
-131.72499666666667,71.47060772893772
-131.7083300013889,71.47500333333333
-131.69166333333334,71.47833666666666
-131.65833,71.48326544159545
-131.62499666666668,71.48712454545455
-131.59166333333334,71.49133666666667
-131.55833,71.49611444444444
-131.52499666666665,71.50208666666667
-131.4955849019608,71.50833666666666
-131.49166333333335,71.50896559748428
-131.45833,71.51305364779874
-131.42499666666666,71.51545640776699
-131.39166333333333,71.51675771929824
-131.35833,71.51774843137255
-131.32499666666666,71.51944777777777
-131.29166333333333,71.52309076502732
-131.25833,71.53010537414966
-131.2285054385965,71.54167
-131.25833,71.56121022988506
-131.26666333333333,71.57500333333333
-131.25833,71.59605596491228
-131.2532575362319,71.60833666666667
-131.22499666666667,71.61926103641457
-131.19166333333334,71.62764883597883
-131.15833,71.63410697478992
-131.12499666666668,71.64069912621359
-131.12064884057972,71.64167
-131.09166333333334,71.64916063670412
-131.05833,71.65793984126984
-131.02499666666665,71.66646674796748
-130.99166333333335,71.6741594514768
-130.98795962962964,71.67500333333334
-130.95833,71.68436005847953
-130.92499666666666,71.69464619047619
-130.89166333333333,71.70582094339622
-130.88499666666667,71.70833666666667
-130.85833,71.72402294117647
-130.82499666666666,71.7407690990991
-130.82324228070175,71.74167
-130.79166333333333,71.76309857142857
-130.77314481481483,71.77500333333333
-130.75833,71.78659753623188
-130.73333,71.80833666666666
-130.72499666666667,71.81558304347826
-130.69499666666667,71.84167
-130.69166333333334,71.84456855072463
-130.65833,71.87222555555556
-130.65482122807018,71.87500333333332
-130.62499666666668,71.90198746031746
-130.61715352941178,71.90833666666667
-130.59166333333334,71.92897158730159
-130.57499666875,71.94167
-130.55833,71.95154654320987
-130.52499666666665,71.97253419753086
-130.52129296296297,71.97500333333333
-130.49166333333335,71.99339413793103
-130.47102841269842,72.00833666666666
-130.45833,72.0169388172043
-130.42499666811594,72.04167
-130.42499666666666,72.04167000095238
-130.39166333333333,72.06452714285714
-130.37638555555554,72.07500333333333
-130.35833,72.08508085271318
-130.32499666666666,72.10379121212121
-130.31699666666668,72.10833666666667
-130.29166333333333,72.12051615384615
-130.25833,72.1370948366013
-130.24968802469135,72.14167
-130.22499666666667,72.15585439716313
-130.19396218390804,72.17500333333334
-130.19166333333334,72.17659063492063
-130.15833,72.19881285714285
-130.1429453846154,72.20833666666667
-130.12499666666668,72.21748699346405
-130.09166333333334,72.23251967320262
-130.0694411111111,72.24167
-130.05833,72.24607251572327
-130.02499666666665,72.25865113207547
-129.99166333333335,72.27060081761006
-129.97999666666666,72.27500333333333
-129.95833,72.28367
-129.92499666666666,72.29745231292517
-129.90075424242423,72.30833666666666
-129.89166333333333,72.31321471544716
-129.85833,72.33333666666667
-129.84598432098767,72.34167
-129.82499666666666,72.35300333333333
-129.79166333333333,72.36997188679246
-129.78140692307693,72.37500333333332
-129.75833,72.3848393989071
-129.72499666666667,72.39959349726776
-129.70524358024693,72.40833666666667
-129.69166333333334,72.41406583333332
-129.65833,72.42731102564102
-129.62499666666668,72.43914474747474
-129.61706015873017,72.44167
-129.59166333333334,72.45102672514619
-129.55833,72.46530636363636
-129.53857691358024,72.47500333333333
-129.52499666666665,72.48297434782609
-129.49166333333335,72.50685518518519
-129.49003731707316,72.50833666666666
-129.47272393939394,72.54167
-129.46557637681158,72.57500333333333
-129.45833,72.59015484848484
-129.44999666666666,72.60833666666667
-129.43888555555554,72.64167
-129.43113701754385,72.67500333333334
-129.42499666666666,72.68055888888888
-129.39346513513513,72.70833666666667
-129.39166333333333,72.70937833333333
-129.35833,72.7307609090909
-129.34294538461538,72.74167
-129.32499666666666,72.75833666746031
-129.30499666666665,72.77500333333333
-129.29166333333333,72.78833666666667
-129.26978833333334,72.80833666666666
-129.25833,72.81597555555555
-129.22499666756758,72.84167
-129.22499666666667,72.8416700015873
-129.20440843137254,72.87500333333332
-129.20569842105263,72.90833666666667
-129.19166333333334,72.92167
-129.16666333333333,72.94167
-129.15833,72.94746710144928
-129.12817126984126,72.97500333333333
-129.1249966681818,73.00833666666666
-129.1285054385965,73.04167
-129.12499666666668,73.05500333333333
-129.1191143137255,73.07500333333333
-129.10499666666666,73.10833666666667
-129.09166333333334,73.13333666666666
-129.08795962962964,73.14167
-129.0731448148148,73.17500333333334
-129.05833,73.19551615384616
-129.04852607843137,73.20833666666667
-129.02499666666665,73.22167
-128.99341771929824,73.24167
-128.99166333333335,73.2432573015873
-128.9599173015873,73.27500333333333
-128.97083,73.30833666666666
-128.99166333333335,73.32420968253967
-129.0178538095238,73.34167
-129.02499666666665,73.34792
-129.0504868627451,73.37500333333332
-129.05833,73.38525974358974
-129.0749966685185,73.40833666666667
-129.09166333333334,73.43560939393939
-129.09536703703702,73.44167
-129.11323196078433,73.47500333333333
-129.12499666666668,73.49038794871795
-129.1416633357143,73.50833666666666
-129.15833,73.52389222222223
-129.17737761904763,73.54167
-129.19166333333334,73.56389222222222
-129.1975456862745,73.57500333333333
-129.19999666666666,73.60833666666667
-129.20456655913978,73.64167
-129.22049216216215,73.67500333333334
-129.22499666666667,73.68224971014493
-129.23863303030305,73.70833666666667
-129.25249666666667,73.74167
-129.24692649122807,73.77500333333333
-129.22906170731707,73.80833666666666
-129.22717057971016,73.84167
-129.22499666666667,73.86667
-129.22416333333334,73.87500333333332
-129.22499666666667,73.87917
-129.23147814814814,73.90833666666667
-129.25833,73.94166999885057
-129.25833000092592,73.94167
-129.28055222222224,73.97500333333333
-129.28518185185186,74.00833666666666
-129.29065323232322,74.04167
-129.29166333333333,74.04286047619047
-129.31813392156863,74.07500333333333
-129.32499666666666,74.07876677419355
-129.35833,74.09881285714286
-129.37196636363637,74.10833666666667
-129.39166333333333,74.12004837837839
-129.42023476190477,74.14167
-129.42499666666666,74.15233666666667
-129.4352996969697,74.17500333333334
-129.42499666666666,74.19599098765431
-129.4174209090909,74.20833666666667
-129.39166333333333,74.2353207936508
-129.3846457894737,74.24167
-129.36096157894735,74.27500333333333
-129.3600394017094,74.30833666666666
-129.37905072072073,74.34167
-129.39166333333333,74.35082032679739
-129.42499666666666,74.37438604938271
-129.42583,74.37500333333332
-129.45833,74.3901196124031
-129.49166333333335,74.40511086021505
-129.49818507246377,74.40833666666667
-129.52499666666665,74.42301920634921
-129.55633,74.44167
-129.54305222222223,74.47500333333333
-129.52499666666665,74.48463296296296
-129.49166333333335,74.49830082437276
-129.45947942528736,74.50833666666666
-129.45833,74.50895395061728
-129.42499666666666,74.52227606060606
-129.39166333333333,74.5325790909091
-129.35833,74.54109528735631
-129.35555222222223,74.54167
-129.35833,74.54375333333333
-129.39166333333333,74.5750033311111
-129.39166333541667,74.57500333333333
-129.42499666666666,74.59722555555555
-129.4309225925926,74.60833666666667
-129.42499666666666,74.61108580756013
-129.39166333333333,74.62402294117646
-129.35833,74.64120051643192
-129.35757242424242,74.64167
-129.32499666666666,74.65519201257862
-129.29166333386243,74.67500333333334
-129.29166333333333,74.675003335
-129.27805789115646,74.70833666666667
-129.25833,74.73676803921569
-129.2538254954955,74.74167
-129.22499666666667,74.76343870748299
-129.21181837209303,74.77500333333333
-129.22049216216215,74.80833666666666
-129.22499666666667,74.81016816849817
-129.25833,74.82034867867867
-129.29166333333333,74.82626595959596
-129.32499666666666,74.82984204301076
-129.35833,74.83276848484849
-129.39166333333333,74.83597051813472
-129.42499666666666,74.83928904761905
-129.45277444444446,74.84167
-129.45833,74.84283279069767
-129.49166333333335,74.84809570281124
-129.52499666666665,74.85125904109589
-129.55833,74.85489751322751
-129.59166333333334,74.86167
-129.62499666666668,74.87361444444444
-129.62721888888888,74.87500333333332
-129.62499666666668,74.87976523809523
-129.60499666666666,74.90833666666667
-129.60766333333333,74.94167
-129.62499666666668,74.96574407407408
-129.63376859649122,74.97500333333333
-129.62499666666668,74.97847555555555
-129.59166333333334,74.99375333333333
-129.56833,75.00833666666666
-129.55833,75.01833666666667
-129.53140692307693,75.04167
-129.52499666666665,75.06018851851852
-129.49166333333335,75.0663613580247
-129.45833,75.06623140350877
-129.42499666666666,75.06591242424243
-129.39166333333333,75.06742757575758
-129.35833,75.07250333333333
-129.34833,75.07500333333333
-129.32499666666666,75.0827811111111
-129.29166333333333,75.09914126436782
-129.27833,75.10833666666667
-129.25833,75.13186607843137
-129.25258287356323,75.14167
-129.2503934920635,75.17500333333334
-129.22499666666667,75.19475641975309
-129.20055222222223,75.20833666666667
-129.19166333333334,75.21278111111111
-129.15833,75.22635468468468
-129.12499666666668,75.23923097560976
-129.11999666666668,75.24167
-129.09166333333334,75.26528111111111
-129.0830213580247,75.27500333333333
-129.05833,75.29881285714285
-129.04972784946236,75.30833666666666
-129.02499666666665,75.32050597883598
-128.99166333416667,75.34167
-128.99483793650793,75.37500333333332
-129.02499666666665,75.39543344086022
-129.04785380952382,75.40833666666667
-129.02499666666665,75.42500333402778
-129.00075424242425,75.44167
-128.99166333333335,75.4448614893617
-128.95833,75.45811444444445
-128.92585136752137,75.47500333333333
-128.94460450980392,75.50833666666666
-128.95833,75.51652380116958
-128.99166333333335,75.53203144578313
-129.02243256410256,75.54167
-129.02499666666665,75.5442341025641
-129.05833,75.56519941176471
-129.08774176470587,75.57500333333333
-129.05833,75.57924062146893
-129.02499666666665,75.58140333333333
-128.99166333333335,75.58235241469816
-128.95833,75.58299231404959
-128.92499666666666,75.58417764525994
-128.89166333333333,75.58611444444445
-128.85833,75.58750333333333
-128.82499666666666,75.58889222222223
-128.79166333333333,75.59105271604938
-128.75833,75.5947401754386
-128.72499666666667,75.60060719806764
-128.69833,75.60833666666667
-128.69166333333334,75.62315148148149
-128.68749666666668,75.64167
-128.65833,75.6557262248996
-128.62499666666668,75.66529869198312
-128.59166333333334,75.67038794871794
-128.55833,75.6721664539007
-128.524996675,75.67500333333334
-128.52499666666665,75.67500333381642
-128.49166333333335,75.67854943262411
-128.45833,75.69109528735632
-128.43833,75.70833666666667
-128.42499666666666,75.71309857142857
-128.39166333333333,75.72500333388889
-128.35833,75.74033666666666
-128.35543144927536,75.74167
-128.32499666666666,75.75314540983607
-128.29166333333333,75.76716019607844
-128.26813392156862,75.77500333333333
-128.25833,75.78377526315789
-128.22499666666667,75.8055588888889
-128.21833,75.80833666666666
-128.21071095238096,75.84167
-128.19166333333334,75.8480192063492
-128.15833,75.85878711711712
-128.12499666666668,75.87197303030302
-128.11833,75.87500333333332
-128.09166333333334,75.88063713615023
-128.05833,75.88802416666667
-128.02499666666665,75.89626770114943
-127.99166333333334,75.90519201257862
-127.97975857142856,75.90833666666667
-127.95833,75.91433666666667
-127.92499666666666,75.92315148148148
-127.89166333333333,75.93293984126984
-127.86110777777779,75.94167
-127.85833,75.94218282051281
-127.82499666666666,75.94986672131148
-127.79166333333333,75.95921385964913
-127.75833,75.96997188679245
-127.74499666666667,75.97500333333333
-127.72499666666667,75.98241074074073
-127.69166333333334,75.99840758865248
-127.67221888888889,76.00833666666666
-127.65833,76.01500333333334
-127.62499666666668,76.02729091503268
-127.59166333333334,76.03709483660131
-127.57371461538462,76.04167
-127.55833,76.04389222222223
-127.52499666666667,76.04953516853932
-127.49166333333334,76.05584624521073
-127.45833,76.06270174603175
-127.42499666666666,76.07072982905983
-127.40833000166666,76.07500333333333
-127.39166333333333,76.07795318584071
-127.35833,76.08395395061729
-127.32499666666666,76.0900360130719
-127.29166333333333,76.09618388888889
-127.25833,76.10247586080587
-127.22870037037038,76.10833666666667
-127.22499666666667,76.10887
-127.19166333333334,76.11398638418079
-127.15833,76.1193458409786
-127.12499666666668,76.12550838383838
-127.09166333333334,76.13204037037036
-127.05833,76.13961238683127
-127.04955807017544,76.14167
-127.02499666666667,76.14863517412935
-126.99166333333334,76.16012238095237
-126.95833,76.17300333333333
-126.95378454545454,76.17500333333334
-126.92499666666666,76.18877144927536
-126.89166333333333,76.20454878787879
-126.88408757575758,76.20833666666667
-126.85833,76.2160992237443
-126.82499666666666,76.22611444444445
-126.79166333333333,76.23596824561403
-126.77102841269841,76.24167
-126.75833,76.24492203252032
-126.72499666666667,76.2527811111111
-126.69166333333334,76.25947303030303
-126.65833,76.26482789473684
-126.62499666666668,76.26833666666667
-126.59166333333334,76.27126770114943
-126.55833,76.27370125
-126.54444111111111,76.27500333333333
-126.52499666666667,76.27828971830986
-126.49166333333334,76.28582584415584
-126.45833,76.2932573015873
-126.42499666666666,76.30038212121212
-126.39166333333333,76.30723776556776
-126.3864001754386,76.30833666666666
-126.35833,76.3165417948718
-126.32499666666666,76.32598372549019
-126.29166333333333,76.33669487562189
-126.27931765432099,76.34167
-126.25833,76.36265765432098
-126.24852607843138,76.37500333333332
-126.2522693939394,76.40833666666667
-126.25833,76.41633666666667
-126.28094904761905,76.44167
-126.27083,76.47500333333333
-126.25833,76.4774724691358
-126.22499666666667,76.48413031746031
-126.19166333333334,76.49071214559387
-126.15833,76.49545787878787
-126.12499666666668,76.49853274509803
-126.09166333333334,76.50020658536586
-126.05833,76.50149905982906
-126.02499666666667,76.50383216216215
-125.99166333666668,76.50833666666666
-125.99166333333334,76.50833666805555
-125.960539939304,76.53012304257929
-124.88348344410461,76.55340040297862
-124.73562324846058,74.33374629193656
-124.75833,74.32976523809523
-124.79166333333333,74.32292
-124.82499666666666,74.31742757575758
-124.85833,74.3132749382716
-124.89166333333333,74.31119380952381
-124.90416333333334,74.30833666666666
-124.89166333333333,74.28333666666667
-124.87499668333331,74.27500333333333
-124.85833,74.26667
-124.82499666666666,74.25000333333332
-124.81388555555554,74.24167
-124.79166333333333,74.225003325
-124.774996675,74.20833666666667
-124.75833,74.19166999166667
-124.73610777777778,74.17500333333334
-124.72499666666667,74.16667
-124.72445771477588,74.16613104810921
-124.72272159433287,74.14006867979023
-124.72877329755383,73.71894835122309
-124.74999666666668,73.70833666666667
-124.72922430155806,73.68756430155806
-124.73589548504235,73.22333615317474
-124.75833,73.21500333333333
-124.7694411111111,73.20833666666667
-124.79166333333333,73.19500333333333
-124.82499666666666,73.17500334166667
-124.82499667777778,73.17500333333334
-124.85833,73.15000333333333
-124.86944111111112,73.14167
-124.89166333333333,73.13055888888888
-124.92499666666666,73.10833667222222
-124.92499667499999,73.10833666666667
-124.94166334166667,73.07500333333333
-124.92499667499999,73.04167
-124.92499666666666,73.04166999166667
-124.89166333333333,73.01786047619048
-124.86944111111112,73.00833666666666
-124.85833,73.00000333333332
-124.82499666666666,72.98333666666667
-124.7916633666666,72.97500333333333
-124.82499666666666,72.96389222222223
-124.85833,72.95000333333333
-124.89166333333333,72.94167000833333
-124.89166336666659,72.94167
-124.92499666666666,72.93611444444444
-124.95833,72.93055888888888
-124.99166333333334,72.9250033375
-125.02499666666667,72.92083666666667
-125.05833,72.91574407407407
-125.09166333333334,72.90833667037037
-125.09166334444444,72.90833666666667
-125.12499666666668,72.89722555555555
-125.15833,72.88833666666666
-125.19166333333334,72.88106393939394
-125.20833000833332,72.87500333333332
-125.22499666666667,72.86167
-125.24999666666668,72.84167
-125.22499666666667,72.82167
-125.19166334999998,72.80833666666666
-125.19166333333334,72.80833666
-125.15833,72.80000333333334
-125.12499667777777,72.77500333333333
-125.12499668333331,72.74167
-125.15833,72.70833668333331
-125.15833001666665,72.70833666666667
-125.19166333333334,72.67500334999998
-125.19166334999998,72.67500333333334
-125.22499666666667,72.66167
-125.25833,72.65500333333333
-125.29166333333333,72.65000333333333
-125.32499666666666,72.6416700111111
-125.32499669999993,72.64167
-125.35833,72.63055888888888
-125.39166333333333,72.61944777777778
-125.40833001666665,72.60833666666667
-125.42499666666666,72.59167001666665
-125.45833,72.57500334999997
-125.45833003333325,72.57500333333333
-125.49166333333334,72.55833668333332
-125.52499666666667,72.54167001666664
-125.52499669999993,72.54167
-125.55833,72.50833669999993
-125.59166333333334,72.50833668333331
-125.59166336666661,72.50833666666666
-125.62499666666668,72.4750033666666
-125.62499669999994,72.47500333333333
-125.65833,72.44167003333327
-125.65833003333327,72.44167
-125.69166333333334,72.40833669999994
-125.72499666666667,72.40833668333332
-125.72499669999993,72.40833666666667
-125.75833,72.39167001666665
-125.79166333333333,72.39722555555555
-125.82499666666666,72.38611444444444
-125.85833,72.37500334444444
-125.85833001666666,72.37500333333332
-125.85833,72.37500330000006
-125.82499669999993,72.34167
-125.82499666666666,72.3416699888889
-125.79166333333333,72.33055888888889
-125.75833,72.32500331666668
-125.72499666666667,72.32500331666668
-125.6916633666666,72.30833666666666
-125.72499666666667,72.29167001666664
-125.75833,72.2750033666666
-125.75833001666665,72.27500333333333
-125.79166333333333,72.24167001666665
-125.79166335,72.24167
-125.80833001666664,72.20833666666667
-125.82499666666666,72.19722555555555
-125.85833,72.17500334444443
-125.85833003333326,72.17500333333334
-125.89166333333333,72.16667
-125.92499666666666,72.1416700111111
-125.92499668333332,72.14167
-125.9472188888889,72.10833666666667
-125.94166334999998,72.07500333333333
-125.95833,72.05833668333332
-125.99166333333334,72.04167001666664
-125.99166334999998,72.04167
-126.02499666666667,72.02833666666666
-126.05833,72.01667
-126.0694411111111,72.00833666666666
-126.05833,71.99166998333335
-126.04721888888889,71.97500333333333
-126.02499666666667,71.9714945614035
-125.99166333333334,71.96798578947369
-125.95833,71.96623140350877
-125.92499666666666,71.9651994117647
-125.89166333333333,71.96323862745098
-125.85833,71.96167
-125.82499666666666,71.95595571428572
-125.79166333333333,71.94611444444445
-125.75833001666665,71.94167
-125.75833,71.94166999880952
-125.72499666666667,71.93920086419753
-125.69166333333334,71.93782384615385
-125.65833,71.93549716049382
-125.62499666666668,71.93333666666666
-125.59166333333334,71.93877144927536
-125.57833,71.94167
-125.55833,71.94601782608696
-125.52499666666667,71.95036565217391
-125.49166333333334,71.95064435897436
-125.45833,71.94856655172414
-125.42499666666666,71.94547952380952
-125.39166333333333,71.94254719298246
-125.37499668333331,71.94167
-125.35833,71.93970921568628
-125.32499666666666,71.9391058974359
-125.29166333333333,71.93333666666666
-125.25833,71.92167
-125.224996675,71.90833666666667
-125.22499666666667,71.90833666551724
-125.19166333333334,71.9048883908046
-125.15833,71.90144011494253
-125.12499666666668,71.89881285714286
-125.09166333333334,71.89524142857142
-125.05833,71.89038794871794
-125.02499666666667,71.88433666666667
-124.99166333333334,71.87651848484849
-124.98690142857143,71.87500333333332
-124.95833,71.87000333333333
-124.92499666666666,71.86389222222222
-124.89166333333333,71.85637588235295
-124.85833,71.8464319047619
-124.8416633375,71.84167
-124.82499666666666,71.83883312056737
-124.79166333333333,71.8327811111111
-124.77939060747413,71.83036647724288
-124.84187108663546,70.17977889360563
